CREATE DATABASE "db-pacientes"  WITH TEMPLATE = template0 ENCODING = 'UTF8' LOCALE_PROVIDER = libc LOCALE = 'en_US.utf8';
CREATE DATABASE "db-forms" WITH TEMPLATE = template0 ENCODING = 'UTF8' LOCALE_PROVIDER = libc LOCALE = 'en_US.utf8';

SET statement_timeout = 0;
SET lock_timeout = 0;
SET idle_in_transaction_session_timeout = 0;
SET transaction_timeout = 0;
SET client_encoding = 'UTF8';
SET standard_conforming_strings = on;
SELECT pg_catalog.set_config('search_path', '', false);
SET check_function_bodies = false;
SET xmloption = content;
SET client_min_messages = warning;
SET row_security = off;

ALTER DATABASE "db-forms" OWNER TO postgres;

\encoding UTF8
\connect -reuse-previous=on "dbname='db-forms'"

SET default_tablespace = '';

SET default_table_access_method = heap;


CREATE TABLE public.etapa (
    id bigint NOT NULL,
    descricao text,
    titulo character varying(255),
    formulario_id bigint,
    tipo_calculo character varying(255),
    formula_custom text
);


ALTER TABLE public.etapa OWNER TO postgres;


ALTER TABLE public.etapa ALTER COLUMN id ADD GENERATED BY DEFAULT AS IDENTITY (
    SEQUENCE NAME public.etapa_id_seq
    START WITH 1
    INCREMENT BY 1
    NO MINVALUE
    NO MAXVALUE
    CACHE 1
);



CREATE TABLE public.formulario (
    id bigint NOT NULL,
    descricao character varying(255),
    tipo character varying(255),
    titulo character varying(255),
    calcula_pontuacao boolean DEFAULT false,
    tipo_calculo character varying(255),
    formula_custom text
);


ALTER TABLE public.formulario OWNER TO postgres;


ALTER TABLE public.formulario ALTER COLUMN id ADD GENERATED BY DEFAULT AS IDENTITY (
    SEQUENCE NAME public.formulario_id_seq
    START WITH 1
    INCREMENT BY 1
    NO MINVALUE
    NO MAXVALUE
    CACHE 1
);


CREATE TABLE public.pergunta (
    id bigint NOT NULL,
    texto text,
    tipo character varying(255),
    resposta text,
    max bigint,
    min bigint,
    required boolean,
    etapa_id bigint,
    tipo_pontuacao character varying(255),
    formula text,
    pontos_minimos integer,
    pontos_maximos integer,
    sub_tipo character varying(255),
    placeholder text,
    unidade character varying(255),
    mascara character varying(255),
    multipla_escolha boolean,
    min_opcoes integer,
    max_opcoes integer
);


ALTER TABLE public.pergunta OWNER TO postgres;


ALTER TABLE public.pergunta ALTER COLUMN id ADD GENERATED BY DEFAULT AS IDENTITY (
    SEQUENCE NAME public.pergunta_id_seq
    START WITH 1
    INCREMENT BY 1
    NO MINVALUE
    NO MAXVALUE
    CACHE 1
);


ALTER TABLE ONLY public.etapa
    ADD CONSTRAINT etapa_pkey PRIMARY KEY (id);

ALTER TABLE ONLY public.formulario
    ADD CONSTRAINT formulario_pkey PRIMARY KEY (id);

ALTER TABLE ONLY public.pergunta
    ADD CONSTRAINT pergunta_pkey PRIMARY KEY (id);


CREATE TABLE public.pergunta_opcoes (
    pergunta_id bigint NOT NULL,
    opcao character varying(255),
    CONSTRAINT fkq9ygr5jong3ootka6vg3imouh FOREIGN KEY (pergunta_id) REFERENCES public.pergunta(id)
);

ALTER TABLE public.pergunta_opcoes OWNER TO postgres;

CREATE TABLE public.pontuacao_mapeamento (
    pergunta_id bigint NOT NULL,
    chave character varying(255) NOT NULL,
    pontos integer,
    CONSTRAINT fk_pontuacao_pergunta FOREIGN KEY (pergunta_id) REFERENCES public.pergunta(id)
);

ALTER TABLE public.pontuacao_mapeamento OWNER TO postgres;

CREATE TABLE public.regra_pesos (
    entidade_id bigint NOT NULL,
    pergunta_id bigint NOT NULL,
    peso double precision
);

ALTER TABLE public.regra_pesos OWNER TO postgres;


ALTER TABLE ONLY public.pergunta
    ADD CONSTRAINT fkbfratvs2de682msn4dj0phs7x FOREIGN KEY (etapa_id) REFERENCES public.etapa(id);


ALTER TABLE ONLY public.etapa
    ADD CONSTRAINT fkror1pdclr3mnr3f61wcurp8xe FOREIGN KEY (formulario_id) REFERENCES public.formulario(id);




SET statement_timeout = 0;
SET lock_timeout = 0;
SET idle_in_transaction_session_timeout = 0;
SET transaction_timeout = 0;
SET client_encoding = 'UTF8';
SET standard_conforming_strings = on;
SELECT pg_catalog.set_config('search_path', '', false);
SET check_function_bodies = false;
SET xmloption = content;
SET client_min_messages = warning;
SET row_security = off;


INSERT INTO public.formulario (id, descricao, tipo, titulo, calcula_pontuacao, tipo_calculo, formula_custom) VALUES
(1, 'Avaliação do nível de fadiga física e mental após diferentes atividades', 'pfs', 'Formulário PFS', true, 'SOMA_ETAPAS', NULL),
(2, 'Avaliação cognitiva para identificar possíveis déficits cognitivos.', 'minimental', 'Mini Exame do Estado Mental (MEEM)', true, 'SOMA_ETAPAS', NULL),
(3, 'Avaliação multidimensional do grau de vulnerabilidade clínica e funcional de idosos', 'ivcf20', 'Índice de Vulnerabilidade Clínico-Funcional (IVCF-20)', true, 'SOMA_ETAPAS', NULL),
(4, 'IPAQ - Questionário Internacional de Atividade Física (versão curta)', 'sedentarismo', 'IPAQ - Nível de Atividade Física', true, NULL, 'IPAQ_MET'),
(5, 'Avaliação da qualidade de vida e fadiga em pacientes com câncer', 'factf', 'Functional Assessment of Cancer Therapy - Fatigue (FACT-F)', true, 'SOMA_ETAPAS', 'PWB + SWB + EWB + FWB + FADIGA');


INSERT INTO public.etapa (id, descricao, titulo, formulario_id, tipo_calculo, formula_custom) VALUES (1, 'Instruções: Nas perguntas a seguir indique o nível de fadiga física e mental (ou seja, cansaço, exaustão) que você espera ou imagina sentir imediatamente após completar cada uma das dez atividades listadas. Para cada atividade (a-j), circule as respostas para fadiga física e mental entre 0 e 5, onde ''0'' é igual a nenhuma fadiga e ''5'' é igual a fadiga extrema.', 'Escala de Fatigabilidade de Pittsburgh', 1, NULL, NULL);
INSERT INTO public.etapa (id, descricao, titulo, formulario_id, tipo_calculo, formula_custom) VALUES (2, 'Classifique os níveis de fadiga ao caminhar à lazer por 30 minutos.', 'Atividade 1', 1, 'SOMA_PERGUNTAS', NULL);
INSERT INTO public.etapa (id, descricao, titulo, formulario_id, tipo_calculo, formula_custom) VALUES (3, 'Classifique os níveis de fadiga: Atividade doméstica leve por 1 hora (limpar, cozinhar, tirar o pó, assar, arrumar camas, lavar louça, regar plantas)', 'Atividade 2', 1, 'SOMA_PERGUNTAS', NULL);
INSERT INTO public.etapa (id, descricao, titulo, formulario_id, tipo_calculo, formula_custom) VALUES (4, 'Classifique os níveis de fadiga: Participar de atividade social por 1 hora (festa, jantar, centro de idosos, reunião com família/amigos, jogar cartas)', 'Atividade 3', 1, 'SOMA_PERGUNTAS', NULL);
INSERT INTO public.etapa (id, descricao, titulo, formulario_id, tipo_calculo, formula_custom) VALUES (5, 'Classifique os níveis de fadiga: Atividade de alta intensidade por 30 minutos (corrida, caminhada, ciclismo, natação, esportes com raquete, aparelhos aeróbicos, dança, zumba)', 'Atividade 4', 1, 'SOMA_PERGUNTAS', NULL);
INSERT INTO public.etapa (id, descricao, titulo, formulario_id, tipo_calculo, formula_custom) VALUES (6, 'Pergunte ao paciente as seguintes questões, será calculado 1 ponto para cada.', 'Orientação Temporal', 2, 'SOMA_PERGUNTAS', NULL);
INSERT INTO public.etapa (id, descricao, titulo, formulario_id, tipo_calculo, formula_custom) VALUES (7, 'Pergunte ao paciente as seguintes questões, será calculado 1 ponto para cada.', 'Orientação Espacial', 2, 'SOMA_PERGUNTAS', NULL);
INSERT INTO public.etapa (id, descricao, titulo, formulario_id, tipo_calculo, formula_custom) VALUES (8, 'Eu vou dizer 3 palavras e você irá repeti-las a seguir: CARRO – VASO – TIJOLO. Pode repeti-las até três vezes para o aprendizado, se houver erros.', 'Memória Imediata', 2, 'SOMA_PERGUNTAS', NULL);
INSERT INTO public.etapa (id, descricao, titulo, formulario_id, tipo_calculo, formula_custom) VALUES (9, 'Subtração de 7 seriadamente (100-7; 93-7; 86-7; 79-7; 72-7; 65). Se houver erro, corrija-o e prossiga. Considere correto se o avaliado espontaneamente se autocorrigir.', 'Cálculo', 2, 'SOMA_PERGUNTAS', NULL);
INSERT INTO public.etapa (id, descricao, titulo, formulario_id, tipo_calculo, formula_custom) VALUES (10, 'Pergunte quais as palavras que o indivíduo acabara de repetir (CARRO-VASO-TIJOLO).', 'Evocação das palavras', 2, 'SOMA_PERGUNTAS', NULL);
INSERT INTO public.etapa (id, descricao, titulo, formulario_id, tipo_calculo, formula_custom) VALUES (11, 'Peça para o indivíduo nomear os objetos mostrados (relógio, caneta).', 'Nomeação', 2, 'SOMA_PERGUNTAS', NULL);
INSERT INTO public.etapa (id, descricao, titulo, formulario_id, tipo_calculo, formula_custom) VALUES (12, 'Preste atenção: Vou lhe dizer uma frase e quero que você repita depois de mim: "NEM AQUI, NEM ALI, NEM LÁ".', 'Repetição', 2, 'SOMA_PERGUNTAS', NULL);
INSERT INTO public.etapa (id, descricao, titulo, formulario_id, tipo_calculo, formula_custom) VALUES (13, 'Pegue este papel com a mão direita (1 ponto), dobre-o ao meio (1 ponto) e coloque-o no chão (1 ponto).  Se o indivíduo pedir ajuda no meio da tarefa não dê dicas.', 'Comando', 2, 'SOMA_PERGUNTAS', NULL);
INSERT INTO public.etapa (id, descricao, titulo, formulario_id, tipo_calculo, formula_custom) VALUES (14, 'Mostre a frase escrita: "FECHE OS OLHOS" e peça para o indivíduo fazer o que está sendo mandado. Não auxilie se pedir ajuda ou se só ler a frase sem realizar o comando.', 'Leitura e Obediência', 2, 'SOMA_PERGUNTAS', NULL);
INSERT INTO public.etapa (id, descricao, titulo, formulario_id, tipo_calculo, formula_custom) VALUES (15, 'Peça ao indivíduo para escrever uma frase. Se não compreender o significado, ajude com: alguma frase que tenha começo, meio e fim, alguma coisa que aconteceu hoje; alguma coisa que queira dizer. Para a correção não são considerados erros gramaticais ou de ortografia. (1 ponto).', 'Escrita', 2, 'SOMA_PERGUNTAS', NULL);
INSERT INTO public.etapa (id, descricao, titulo, formulario_id, tipo_calculo, formula_custom) VALUES (16, 'Mostre o modelo e peça para fazer o melhor possível. Considere apenas se houver 2 pentágonos intersecionados (10 ângulos) formando uma figura de quatro lados ou com dois ângulos (1 ponto).', 'Cópia do Desenho', 2, 'SOMA_PERGUNTAS', NULL);
INSERT INTO public.etapa (id, descricao, titulo, formulario_id, tipo_calculo, formula_custom) VALUES (106, 'Idade do paciente', 'Idade', 3, 'SOMA_PERGUNTAS', NULL);
INSERT INTO public.etapa (id, descricao, titulo, formulario_id, tipo_calculo, formula_custom) VALUES (17, 'Avaliação geral da saúde comparada a outras pessoas da mesma idade.', 'Auto-percepção da Saúde', 3, 'SOMA_PERGUNTAS', NULL);
INSERT INTO public.etapa (id, descricao, titulo, formulario_id, tipo_calculo, formula_custom) VALUES (18, 'Avaliação geral da saúde comparada historicamente.', 'Percepção da saúde comparada', 3, 'SOMA_PERGUNTAS', NULL);
INSERT INTO public.etapa (id, descricao, titulo, formulario_id, tipo_calculo, formula_custom) VALUES (19, 'Avaliação de atividades como compras, finanças, e pequenos trabalhos domésticos.', 'Atividades de Vida Diária', 3, 'MAX_PERGUNTAS', NULL);
INSERT INTO public.etapa (id, descricao, titulo, formulario_id, tipo_calculo, formula_custom) VALUES (20, 'Avaliação de possíveis sinais de problemas de memória.', 'Cognição', 3, 'SOMA_PERGUNTAS', NULL);
INSERT INTO public.etapa (id, descricao, titulo, formulario_id, tipo_calculo, formula_custom) VALUES (21, 'Avaliação de sintomas relacionados ao humor.', 'Humor', 3, 'SOMA_PERGUNTAS', NULL);
INSERT INTO public.etapa (id, descricao, titulo, formulario_id, tipo_calculo, formula_custom) VALUES (22, 'Avaliação de mobilidade e capacidade física.', 'Mobilidade', 3, 'MAX_PERGUNTAS', NULL);
INSERT INTO public.etapa (id, descricao, titulo, formulario_id, tipo_calculo, formula_custom) VALUES (23, 'Avaliação de problemas de comunicação relacionados à saúde.', 'Comunicação', 3, 'MAX_PERGUNTAS', NULL);
INSERT INTO public.etapa (id, descricao, titulo, formulario_id, tipo_calculo, formula_custom) VALUES (107, 'Pense em todas as atividades VIGOROSAS que você fez na ÚLTIMA SEMANA. Exemplos: caminhada rápida, caminhada recreativa, caminhada com cachorro.', 'Caminhada', 4, NULL, NULL);
INSERT INTO public.etapa (id, descricao, titulo, formulario_id, tipo_calculo, formula_custom) VALUES (24, 'Pense em todas as atividades MODERADAS que você fez na ÚLTIMA SEMANA. Exemplos: pedalar em ritmo regular, carregar pesos leves, dançar. NÃO inclua caminhada.', 'Atividade Moderada', 4, NULL, NULL);
INSERT INTO public.etapa (id, descricao, titulo, formulario_id, tipo_calculo, formula_custom) VALUES (25, 'Pense em todas as atividades VIGOROSAS que você fez na ÚLTIMA SEMANA. Exemplos: correr, fazer exercícios aeróbicos intensos, jogar futebol, carregar pesos pesados.', 'Atividade Vigorosa', 4, NULL, NULL);
INSERT INTO public.etapa (id, descricao, titulo, formulario_id, tipo_calculo, formula_custom) VALUES (26, 'Quanto tempo você fica sentado(a) durante um dia de SEMANA? Considere tempo sentado(a) no trabalho, em casa, estudando, em deslocamentos, visitando amigos, lendo, assistindo TV.', 'Comportamento Sedentário', 4, NULL, NULL);
INSERT INTO public.etapa (id, descricao, titulo, formulario_id, tipo_calculo, formula_custom) VALUES (27, 'Avaliação do seu estado físico durante os últimos 7 dias', 'Bem-estar Físico', 5, 'MEDIA_AJUSTADA', '(SUM_PONTOS / COUNT_RESPONDIDAS) * 7');
INSERT INTO public.etapa (id, descricao, titulo, formulario_id, tipo_calculo, formula_custom) VALUES (28, 'Avaliação do seu relacionamento com família e amigos durante os últimos 7 dias', 'Bem-estar Social/Familiar', 5, 'MEDIA_AJUSTADA', '(SUM_PONTOS / COUNT_RESPONDIDAS) * 7');
INSERT INTO public.etapa (id, descricao, titulo, formulario_id, tipo_calculo, formula_custom) VALUES (29, 'Avaliação do seu estado emocional durante os últimos 7 dias', 'Bem-estar Emocional', 5, 'MEDIA_AJUSTADA', '(SUM_PONTOS / COUNT_RESPONDIDAS) * 6');
INSERT INTO public.etapa (id, descricao, titulo, formulario_id, tipo_calculo, formula_custom) VALUES (30, 'Avaliação da sua capacidade funcional durante os últimos 7 dias', 'Bem-estar Funcional', 5, 'MEDIA_AJUSTADA', '(SUM_PONTOS / COUNT_RESPONDIDAS) * 7');
INSERT INTO public.etapa (id, descricao, titulo, formulario_id, tipo_calculo, formula_custom) VALUES (31, 'Avaliação de preocupações específicas durante os últimos 7 dias', 'Preocupações Adicionais', 5, 'MEDIA_AJUSTADA', '(SUM_PONTOS / COUNT_RESPONDIDAS) * 13');


INSERT INTO public.pergunta (id, texto, tipo, max, min, required, etapa_id, tipo_pontuacao, pontos_minimos, pontos_maximos) VALUES (1, 'Fadiga Física', 'range', 5, 0, true, 2, 'VALOR_DIRETO', 0, 5);
INSERT INTO public.pergunta (id, texto, tipo, max, min, required, etapa_id, tipo_pontuacao, pontos_minimos, pontos_maximos) VALUES (2, 'Fadiga Mental', 'range', 5, 0, true, 2, 'VALOR_DIRETO', 0, 5);
INSERT INTO public.pergunta (id, texto, tipo, max, min, required, etapa_id, tipo_pontuacao, pontos_minimos, pontos_maximos) VALUES (102, 'Você fez isso no último mês?', 'radio', NULL, NULL, true, 2, 'MAPEAMENTO', 0, 0);
INSERT INTO public.pergunta (id, texto, tipo, max, min, required, etapa_id, tipo_pontuacao, pontos_minimos, pontos_maximos) VALUES (3, 'Fadiga Física', 'range', 5, 0, true, 3, 'VALOR_DIRETO', 0, 5);
INSERT INTO public.pergunta (id, texto, tipo, max, min, required, etapa_id, tipo_pontuacao, pontos_minimos, pontos_maximos) VALUES (4, 'Fadiga Mental', 'range', 5, 0, true, 3, 'VALOR_DIRETO', 0, 5);
INSERT INTO public.pergunta (id, texto, tipo, max, min, required, etapa_id, tipo_pontuacao, pontos_minimos, pontos_maximos) VALUES (103, 'Você fez isso no último mês?', 'radio', NULL, NULL, true, 3, 'MAPEAMENTO', 0, 0);
INSERT INTO public.pergunta (id, texto, tipo, max, min, required, etapa_id, tipo_pontuacao, pontos_minimos, pontos_maximos) VALUES (5, 'Fadiga Física', 'range', 5, 0, true, 4, 'VALOR_DIRETO', 0, 5);
INSERT INTO public.pergunta (id, texto, tipo, max, min, required, etapa_id, tipo_pontuacao, pontos_minimos, pontos_maximos) VALUES (6, 'Fadiga Mental', 'range', 5, 0, true, 4, 'VALOR_DIRETO', 0, 5);
INSERT INTO public.pergunta (id, texto, tipo, max, min, required, etapa_id, tipo_pontuacao, pontos_minimos, pontos_maximos) VALUES (104, 'Você fez isso no último mês?', 'radio', NULL, NULL, true, 4, 'MAPEAMENTO', 0, 0);
INSERT INTO public.pergunta (id, texto, tipo, max, min, required, etapa_id, tipo_pontuacao, pontos_minimos, pontos_maximos) VALUES (7, 'Fadiga Física', 'range', 5, 0, true, 5, 'VALOR_DIRETO', 0, 5);
INSERT INTO public.pergunta (id, texto, tipo, max, min, required, etapa_id, tipo_pontuacao, pontos_minimos, pontos_maximos) VALUES (8, 'Fadiga Mental', 'range', 5, 0, true, 5, 'VALOR_DIRETO', 0, 5);
INSERT INTO public.pergunta (id, texto, tipo, max, min, required, etapa_id, tipo_pontuacao, pontos_minimos, pontos_maximos) VALUES (105, 'Você fez isso no último mês?', 'radio', NULL, NULL, true, 5, 'MAPEAMENTO', 0, 0);
INSERT INTO public.pergunta (id, texto, tipo, max, min, required, etapa_id, tipo_pontuacao, pontos_minimos, pontos_maximos) VALUES (9, 'Que dia é hoje?', 'radio', NULL, NULL, true, 6, 'MAPEAMENTO', 0, 1);
INSERT INTO public.pergunta (id, texto, tipo, max, min, required, etapa_id, tipo_pontuacao, pontos_minimos, pontos_maximos) VALUES (10, 'Em que mês estamos?', 'radio', NULL, NULL, true, 6, 'MAPEAMENTO', 0, 1);
INSERT INTO public.pergunta (id, texto, tipo, max, min, required, etapa_id, tipo_pontuacao, pontos_minimos, pontos_maximos) VALUES (11, 'Em que ano estamos?', 'radio', NULL, NULL, true, 6, 'MAPEAMENTO', 0, 1);
INSERT INTO public.pergunta (id, texto, tipo, max, min, required, etapa_id, tipo_pontuacao, pontos_minimos, pontos_maximos) VALUES (12, 'Em que dia da semana estamos?', 'radio', NULL, NULL, true, 6, 'MAPEAMENTO', 0, 1);
INSERT INTO public.pergunta (id, texto, tipo, max, min, required, etapa_id, tipo_pontuacao, pontos_minimos, pontos_maximos) VALUES (13, 'Qual a hora atual aproximada (considere variação de mais ou menos 1 hora)', 'radio', NULL, NULL, true, 6, 'MAPEAMENTO', 0, 1);
INSERT INTO public.pergunta (id, texto, tipo, max, min, required, etapa_id, tipo_pontuacao, pontos_minimos, pontos_maximos) VALUES (14, 'Em que local nós estamos? (consultório, sala, dormitório...)', 'radio', NULL, NULL, true, 7, 'MAPEAMENTO', 0, 1);
INSERT INTO public.pergunta (id, texto, tipo, max, min, required, etapa_id, tipo_pontuacao, pontos_minimos, pontos_maximos) VALUES (15, 'Que local é este aqui? (apontando ao redor num sentido mais amplo.... hospital, casa de repouso, própria casa...)', 'radio', NULL, NULL, true, 7, 'MAPEAMENTO', 0, 1);
INSERT INTO public.pergunta (id, texto, tipo, max, min, required, etapa_id, tipo_pontuacao, pontos_minimos, pontos_maximos) VALUES (16, 'Em que bairro nós estamos ou qual o nome de uma rua próxima?', 'radio', NULL, NULL, true, 7, 'MAPEAMENTO', 0, 1);
INSERT INTO public.pergunta (id, texto, tipo, max, min, required, etapa_id, tipo_pontuacao, pontos_minimos, pontos_maximos) VALUES (17, 'Em que cidade nós estamos?', 'radio', NULL, NULL, true, 7, 'MAPEAMENTO', 0, 1);
INSERT INTO public.pergunta (id, texto, tipo, max, min, required, etapa_id, tipo_pontuacao, pontos_minimos, pontos_maximos) VALUES (18, 'Em que estado nós estamos?', 'radio', NULL, NULL, true, 7, 'MAPEAMENTO', 0, 1);
INSERT INTO public.pergunta (id, texto, tipo, max, min, required, etapa_id, tipo_pontuacao, pontos_minimos, pontos_maximos) VALUES (19, 'Marque cada palavra repetida corretamente na 1ª vez.', 'checkbox', NULL, NULL, false, 8, 'MAPEAMENTO', 0, 3);
INSERT INTO public.pergunta (id, texto, tipo, max, min, required, etapa_id, tipo_pontuacao, pontos_minimos, pontos_maximos) VALUES (20, 'Considere 1 ponto para cada resultado correto.', 'range', 5, 0, true, 9, 'VALOR_DIRETO', 0, 5);
INSERT INTO public.pergunta (id, texto, tipo, max, min, required, etapa_id, tipo_pontuacao, pontos_minimos, pontos_maximos) VALUES (21, 'Marque cada palavra repetida corretamente.', 'checkbox', NULL, NULL, false, 10, 'MAPEAMENTO', 0, 3);
INSERT INTO public.pergunta (id, texto, tipo, max, min, required, etapa_id, tipo_pontuacao, pontos_minimos, pontos_maximos) VALUES (22, 'Marque cada objeto nomeado corretamente.', 'checkbox', NULL, NULL, false, 11, 'MAPEAMENTO', 0, 2);
INSERT INTO public.pergunta (id, texto, tipo, max, min, required, etapa_id, tipo_pontuacao, pontos_minimos, pontos_maximos) VALUES (23, 'Considere somente se a repetição for perfeita', 'radio', NULL, NULL, true, 12, 'MAPEAMENTO', 0, 1);
INSERT INTO public.pergunta (id, texto, tipo, max, min, required, etapa_id, tipo_pontuacao, pontos_minimos, pontos_maximos) VALUES (24, 'Avalie cada critério.', 'checkbox', NULL, NULL, false, 13, 'MAPEAMENTO', 0, 3);
INSERT INTO public.pergunta (id, texto, tipo, max, min, required, etapa_id, tipo_pontuacao, pontos_minimos, pontos_maximos) VALUES (25, 'Avalie o resultado.', 'radio', NULL, NULL, true, 14, 'MAPEAMENTO', 0, 1);
INSERT INTO public.pergunta (id, texto, tipo, max, min, required, etapa_id, tipo_pontuacao, pontos_minimos, pontos_maximos) VALUES (26, 'Avalie o resultado.', 'radio', NULL, NULL, true, 15, 'MAPEAMENTO', 0, 1);
INSERT INTO public.pergunta (id, texto, tipo, max, min, required, etapa_id, tipo_pontuacao, pontos_minimos, pontos_maximos) VALUES (27, 'Avalie o desenho.', 'radio', NULL, NULL, true, 16, 'MAPEAMENTO', 0, 1);
INSERT INTO public.pergunta (id, texto, tipo, max, min, required, etapa_id, tipo_pontuacao, pontos_minimos, pontos_maximos) VALUES (106, 'Qual a sua faixa etária?', 'radio', NULL, NULL, true, 106, 'MAPEAMENTO', 0, 3);
INSERT INTO public.pergunta (id, texto, tipo, max, min, required, etapa_id, tipo_pontuacao, pontos_minimos, pontos_maximos) VALUES (28, 'Em geral, comparado com outras pessoas da sua idade, como você diria que está a sua saúde?', 'radio', NULL, NULL, true, 17, 'MAPEAMENTO', 0, 1);
INSERT INTO public.pergunta (id, texto, tipo, max, min, required, etapa_id, tipo_pontuacao, pontos_minimos, pontos_maximos) VALUES (29, 'Comparada há um ano atrás, como você se classificaria sua saúde em geral, agora?', 'radio', NULL, NULL, true, 18, 'MAPEAMENTO', 0, 0);
INSERT INTO public.pergunta (id, texto, tipo, max, min, required, etapa_id, tipo_pontuacao, pontos_minimos, pontos_maximos) VALUES (30, 'Você deixou de fazer compras por causa da sua saúde ou condição física?', 'radio', NULL, NULL, true, 19, 'MAPEAMENTO', 0, 1);
INSERT INTO public.pergunta (id, texto, tipo, max, min, required, etapa_id, tipo_pontuacao, pontos_minimos, pontos_maximos) VALUES (31, 'Você deixou de controlar seu dinheiro ou os gastos da casa por causa da sua saúde ou condição física?', 'radio', NULL, NULL, true, 19, 'MAPEAMENTO', 0, 1);
INSERT INTO public.pergunta (id, texto, tipo, max, min, required, etapa_id, tipo_pontuacao, pontos_minimos, pontos_maximos) VALUES (32, 'Você deixou de realizar pequenos trabalhos domésticos (limpeza leve, arrumar a casa, lavar louças) por causa da sua saúde ou condição física?', 'radio', NULL, NULL, true, 19, 'MAPEAMENTO', 0, 1);
INSERT INTO public.pergunta (id, texto, tipo, max, min, required, etapa_id, tipo_pontuacao, pontos_minimos, pontos_maximos) VALUES (33, 'Você deixou de tomar banho sozinho por causa da sua saúde ou condição física?', 'radio', NULL, NULL, true, 19, 'MAPEAMENTO', 0, 0);
INSERT INTO public.pergunta (id, texto, tipo, max, min, required, etapa_id, tipo_pontuacao, pontos_minimos, pontos_maximos) VALUES (34, 'Algum familiar ou amigo falou que você está ficando esquecido?', 'radio', NULL, NULL, true, 20, 'MAPEAMENTO', 0, 1);
INSERT INTO public.pergunta (id, texto, tipo, max, min, required, etapa_id, tipo_pontuacao, pontos_minimos, pontos_maximos) VALUES (35, 'Este esquecimento está piorando nos últimos meses?', 'radio', NULL, NULL, true, 20, 'MAPEAMENTO', 0, 1);
INSERT INTO public.pergunta (id, texto, tipo, max, min, required, etapa_id, tipo_pontuacao, pontos_minimos, pontos_maximos) VALUES (36, 'Este esquecimento está impedindo a realização de alguma atividade do cotidiano?', 'radio', NULL, NULL, true, 20, 'MAPEAMENTO', 0, 1);
INSERT INTO public.pergunta (id, texto, tipo, max, min, required, etapa_id, tipo_pontuacao, pontos_minimos, pontos_maximos) VALUES (37, 'No último mês, você ficou com desânimo, tristeza ou desesperança?', 'radio', NULL, NULL, true, 21, 'MAPEAMENTO', 0, 1);
INSERT INTO public.pergunta (id, texto, tipo, max, min, required, etapa_id, tipo_pontuacao, pontos_minimos, pontos_maximos) VALUES (38, 'No último mês, você perdeu o interesse ou prazer em atividades anteriormente prazerosas?', 'radio', NULL, NULL, true, 21, 'MAPEAMENTO', 0, 1);
INSERT INTO public.pergunta (id, texto, tipo, max, min, required, etapa_id, tipo_pontuacao, pontos_minimos, pontos_maximos) VALUES (39, 'Você é incapaz de elevar os braços acima do nível do ombro?', 'radio', NULL, NULL, true, 22, 'MAPEAMENTO', 0, 1);
INSERT INTO public.pergunta (id, texto, tipo, max, min, required, etapa_id, tipo_pontuacao, pontos_minimos, pontos_maximos) VALUES (40, 'Você é incapaz de segurar pequenos objetos?', 'radio', NULL, NULL, true, 22, 'MAPEAMENTO', 0, 1);
INSERT INTO public.pergunta (id, texto, tipo, max, min, required, etapa_id, tipo_pontuacao, pontos_minimos, pontos_maximos) VALUES (41, 'Você tem alguma das quatro condições abaixo relacionadas?', 'checkbox', NULL, NULL, true, 22, 'MAPEAMENTO_MAX', 0, 2);
INSERT INTO public.pergunta (id, texto, tipo, max, min, required, etapa_id, tipo_pontuacao, pontos_minimos, pontos_maximos) VALUES (42, 'Você tem dificuldade para caminhar capaz de impedir a realização de alguma atividade do cotidiano?', 'radio', NULL, NULL, true, 22, 'MAPEAMENTO', 0, 2);
INSERT INTO public.pergunta (id, texto, tipo, max, min, required, etapa_id, tipo_pontuacao, pontos_minimos, pontos_maximos) VALUES (43, 'Você caiu no último ano? Quantas vezes?', 'radio', NULL, NULL, true, 22, 'MAPEAMENTO', 0, 3);
INSERT INTO public.pergunta (id, texto, tipo, max, min, required, etapa_id, tipo_pontuacao, pontos_minimos, pontos_maximos) VALUES (44, 'Você perde urina ou fezes, sem querer, em algum momento?', 'radio', NULL, NULL, true, 22, 'MAPEAMENTO', 0, 2);
INSERT INTO public.pergunta (id, texto, tipo, max, min, required, etapa_id, tipo_pontuacao, pontos_minimos, pontos_maximos) VALUES (45, 'Você tem problemas de visão capazes de impedir a realização de alguma atividade do cotidiano? É permitido o uso de óculos ou lentes de contato.', 'radio', NULL, NULL, true, 23, 'MAPEAMENTO', 0, 2);
INSERT INTO public.pergunta (id, texto, tipo, max, min, required, etapa_id, tipo_pontuacao, pontos_minimos, pontos_maximos) VALUES (46, 'Você tem problemas de audição que impedem a realização de atividades do cotidiano? É permitido o uso de aparelhos de audição.', 'radio', NULL, NULL, true, 23, 'MAPEAMENTO', 0, 2);
INSERT INTO public.pergunta (id, texto, tipo, max, min, required, etapa_id, tipo_pontuacao, pontos_minimos, pontos_maximos) VALUES (47, 'Você tem alguma das três condições abaixo relacionadas?', 'checkbox', NULL, NULL, true, 23, 'MAPEAMENTO_MAX', 0, 4);
-- Perguntas IPAQ - Caminhada (Etapa 107)
INSERT INTO public.pergunta (id, texto, tipo, max, min, required, etapa_id, tipo_pontuacao, pontos_minimos, pontos_maximos) VALUES (107, 'Em quantos dias da última semana você CAMINHOU por pelo menos 10 minutos contínuos?', 'numero', 7, 0, true, 107, 'VALOR_DIRETO', 0, 7);
INSERT INTO public.pergunta (id, texto, tipo, max, min, required, etapa_id, tipo_pontuacao, pontos_minimos, pontos_maximos) VALUES (108, 'Nos dias em que você caminhou, quanto tempo por dia você gastou caminhando? (HH:MM)', 'tempo', NULL, NULL, true, 107, 'FORMULA', 0, 1440);

-- Perguntas IPAQ - Atividade Moderada (Etapa 24)
INSERT INTO public.pergunta (id, texto, tipo, max, min, required, etapa_id, tipo_pontuacao, pontos_minimos, pontos_maximos) VALUES (48, 'Em quantos dias da última semana você fez atividades MODERADAS por pelo menos 10 minutos contínuos?', 'numero', 7, 0, true, 24, 'VALOR_DIRETO', 0, 7);
INSERT INTO public.pergunta (id, texto, tipo, max, min, required, etapa_id, tipo_pontuacao, pontos_minimos, pontos_maximos) VALUES (49, 'Nos dias em que você fez atividades moderadas, quanto tempo por dia você gastou fazendo essas atividades? (HH:MM)', 'tempo', NULL, NULL, true, 24, 'FORMULA', 0, 1440);

-- Perguntas IPAQ - Atividade Vigorosa (Etapa 25)
INSERT INTO public.pergunta (id, texto, tipo, max, min, required, etapa_id, tipo_pontuacao, pontos_minimos, pontos_maximos) VALUES (50, 'Em quantos dias da última semana você fez atividades VIGOROSAS por pelo menos 10 minutos contínuos?', 'numero', 7, 0, true, 25, 'VALOR_DIRETO', 0, 7);
INSERT INTO public.pergunta (id, texto, tipo, max, min, required, etapa_id, tipo_pontuacao, pontos_minimos, pontos_maximos) VALUES (51, 'Nos dias em que você fez atividades vigorosas, quanto tempo por dia você gastou fazendo essas atividades? (HH:MM)', 'tempo', NULL, NULL, true, 25, 'FORMULA', 0, 1440);

-- Pergunta IPAQ - Comportamento Sedentário (Etapa 26)
INSERT INTO public.pergunta (id, texto, tipo, max, min, required, etapa_id, tipo_pontuacao, pontos_minimos, pontos_maximos) VALUES (52, 'Quanto tempo no total você gasta sentado(a) durante um dia de SEMANA? (HH:MM)', 'tempo', NULL, NULL, true, 26, 'FORMULA', 0, 1440);
INSERT INTO public.pergunta (id, texto, tipo, max, min, required, etapa_id, tipo_pontuacao, pontos_minimos, pontos_maximos) VALUES (53, 'Quanto tempo no total você gasta sentado(a) durante um dia de FIM DE SEMANA? (HH:MM)', 'tempo', NULL, NULL, true, 26, 'FORMULA', 0, 1440);
INSERT INTO public.pergunta (id, texto, tipo, max, min, required, etapa_id, tipo_pontuacao, pontos_minimos, pontos_maximos, sub_tipo) VALUES
(54, 'Estou sem energia', 'radio', NULL, NULL, true, 27, 'MAPEAMENTO_REVERSO', 0, 4, 'GP1'),
(55, 'Fico enjoado(a)', 'radio', NULL, NULL, true, 27, 'MAPEAMENTO_REVERSO', 0, 4, 'GP2'),
(56, 'Por causa do meu estado físico, tenho dificuldade em atender às necessidades da minha família', 'radio', NULL, NULL, true, 27, 'MAPEAMENTO_REVERSO', 0, 4, 'GP3'),
(57, 'Tenho dores', 'radio', NULL, NULL, true, 27, 'MAPEAMENTO_REVERSO', 0, 4, 'GP4'),
(58, 'Sinto-me incomodado(a) pelos efeitos secundários do tratamento', 'radio', NULL, NULL, true, 27, 'MAPEAMENTO_REVERSO', 0, 4, 'GP5'),
(59, 'Sinto-me doente', 'radio', NULL, NULL, true, 27, 'MAPEAMENTO_REVERSO', 0, 4, 'GP6'),
(60, 'Tenho que me deitar durante o dia', 'radio', NULL, NULL, true, 27, 'MAPEAMENTO_REVERSO', 0, 4, 'GP7');
INSERT INTO public.pergunta (id, texto, tipo, max, min, required, etapa_id, tipo_pontuacao, pontos_minimos, pontos_maximos, sub_tipo) VALUES
(61, 'Sinto que tenho uma boa relação com os meus amigos', 'radio', NULL, NULL, true, 28, 'MAPEAMENTO_DIRETO', 0, 4, 'GS1'),
(62, 'Recebo apoio emocional da minha família', 'radio', NULL, NULL, true, 28, 'MAPEAMENTO_DIRETO', 0, 4, 'GS2'),
(63, 'Recebo apoio dos meus amigos', 'radio', NULL, NULL, true, 28, 'MAPEAMENTO_DIRETO', 0, 4, 'GS3'),
(64, 'A minha família aceita a minha doença', 'radio', NULL, NULL, true, 28, 'MAPEAMENTO_DIRETO', 0, 4, 'GS4'),
(65, 'Estou satisfeito(a) com a maneira como a minha família fala sobre a minha doença', 'radio', NULL, NULL, true, 28, 'MAPEAMENTO_DIRETO', 0, 4, 'GS5'),
(66, 'Sinto-me próximo(a) do(a) meu (minha) parceiro(a) (ou da pessoa que me dá maior apoio)', 'radio', NULL, NULL, true, 28, 'MAPEAMENTO_DIRETO', 0, 4, 'GS6'),
(67, 'Estou satisfeito(a) com a minha vida sexual', 'radio', NULL, NULL, false, 28, 'MAPEAMENTO_DIRETO', 0, 4, 'GS7');
INSERT INTO public.pergunta (id, texto, tipo, max, min, required, etapa_id, tipo_pontuacao, pontos_minimos, pontos_maximos, sub_tipo) VALUES
(68, 'Sinto-me triste', 'radio', NULL, NULL, true, 29, 'MAPEAMENTO_REVERSO', 0, 4, 'GE1'),
(69, 'Estou satisfeito(a) com a maneira como enfrento a minha doença', 'radio', NULL, NULL, true, 29, 'MAPEAMENTO_DIRETO', 0, 4, 'GE2'),
(70, 'Estou perdendo a esperança na luta contra a minha doença', 'radio', NULL, NULL, true, 29, 'MAPEAMENTO_REVERSO', 0, 4, 'GE3'),
(71, 'Sinto-me nervoso(a)', 'radio', NULL, NULL, true, 29, 'MAPEAMENTO_REVERSO', 0, 4, 'GE4'),
(72, 'Estou preocupado(a) com a idéia de morrer', 'radio', NULL, NULL, true, 29, 'MAPEAMENTO_REVERSO', 0, 4, 'GE5'),
(73, 'Estou preocupado(a) que o meu estado venha a piorar', 'radio', NULL, NULL, true, 29, 'MAPEAMENTO_REVERSO', 0, 4, 'GE6');
INSERT INTO public.pergunta (id, texto, tipo, max, min, required, etapa_id, tipo_pontuacao, pontos_minimos, pontos_maximos, sub_tipo) VALUES
(74, 'Sou capaz de trabalhar (inclusive em casa)', 'radio', NULL, NULL, true, 30, 'MAPEAMENTO_DIRETO', 0, 4, 'GF1'),
(75, 'Sinto-me realizado(a) com o meu trabalho (inclusive em casa)', 'radio', NULL, NULL, true, 30, 'MAPEAMENTO_DIRETO', 0, 4, 'GF2'),
(76, 'Sou capaz de sentir prazer em viver', 'radio', NULL, NULL, true, 30, 'MAPEAMENTO_DIRETO', 0, 4, 'GF3'),
(77, 'Aceito a minha doença', 'radio', NULL, NULL, true, 30, 'MAPEAMENTO_DIRETO', 0, 4, 'GF4'),
(78, 'Durmo bem', 'radio', NULL, NULL, true, 30, 'MAPEAMENTO_DIRETO', 0, 4, 'GF5'),
(79, 'Gosto das coisas que normalmente faço para me divertir', 'radio', NULL, NULL, true, 30, 'MAPEAMENTO_DIRETO', 0, 4, 'GF6'),
(80, 'Estou satisfeito(a) com a qualidade da minha vida neste momento', 'radio', NULL, NULL, true, 30, 'MAPEAMENTO_DIRETO', 0, 4, 'GF7');
INSERT INTO public.pergunta (id, texto, tipo, max, min, required, etapa_id, tipo_pontuacao, pontos_minimos, pontos_maximos, sub_tipo) VALUES
(81, 'Sinto-me fatigado(a)', 'radio', NULL, NULL, true, 31, 'MAPEAMENTO_REVERSO', 0, 4, 'HI7'),
(82, 'Sinto fraqueza generalizada', 'radio', NULL, NULL, true, 31, 'MAPEAMENTO_REVERSO', 0, 4, 'HI12'),
(83, 'Sinto-me sem forças', 'radio', NULL, NULL, true, 31, 'MAPEAMENTO_REVERSO', 0, 4, 'An1'),
(84, 'Sinto-me cansado(a)', 'radio', NULL, NULL, true, 31, 'MAPEAMENTO_REVERSO', 0, 4, 'An2'),
(85, 'Tenho dificuldade em começar as coisas porque estou cansado(a)', 'radio', NULL, NULL, true, 31, 'MAPEAMENTO_REVERSO', 0, 4, 'An3'),
(86, 'Tenho dificuldade em acabar as coisas porque estou cansado(a)', 'radio', NULL, NULL, true, 31, 'MAPEAMENTO_REVERSO', 0, 4, 'An4'),
(87, 'Tenho energia', 'radio', NULL, NULL, true, 31, 'MAPEAMENTO_DIRETO', 0, 4, 'An5'),
(88, 'Sou capaz de fazer as minhas atividades normais', 'radio', NULL, NULL, true, 31, 'MAPEAMENTO_DIRETO', 0, 4, 'An7'),
(89, 'Preciso (de) dormir durante o dia', 'radio', NULL, NULL, true, 31, 'MAPEAMENTO_REVERSO', 0, 4, 'An8'),
(90, 'Estou cansado(a) demais para comer', 'radio', NULL, NULL, true, 31, 'MAPEAMENTO_REVERSO', 0, 4, 'An12'),
(91, 'Preciso de ajuda para fazer as minhas atividades normais', 'radio', NULL, NULL, true, 31, 'MAPEAMENTO_REVERSO', 0, 4, 'An14'),
(92, 'Estou frustrado(a) por estar cansado(a) demais para fazer as coisas que quero', 'radio', NULL, NULL, true, 31, 'MAPEAMENTO_REVERSO', 0, 4, 'An15'),
(93, 'Tenho que limitar as minhas atividades sociais por estar cansado(a)', 'radio', NULL, NULL, true, 31, 'MAPEAMENTO_REVERSO', 0, 4, 'An16');

INSERT INTO public.pergunta_opcoes (pergunta_id, opcao) VALUES
(106, '60-74 anos'),
(106, '75-84 anos'),
(106, '85 anos ou mais'),
(102, 'SIM'),
(102, 'NÃO'),
(103, 'SIM'),
(103, 'NÃO'),
(104, 'SIM'),
(104, 'NÃO'),
(105, 'SIM'),
(105, 'NÃO'),
(9, 'O paciente respondeu corretamente'),
(9, 'Respondeu incorretamente'),
(10, 'O paciente respondeu corretamente'),
(10, 'Respondeu incorretamente'),
(11, 'O paciente respondeu corretamente'),
(11, 'Respondeu incorretamente'),
(12, 'O paciente respondeu corretamente'),
(12, 'Respondeu incorretamente'),
(13, 'O paciente respondeu corretamente'),
(13, 'Respondeu incorretamente'),
(14, 'O paciente respondeu corretamente'),
(14, 'Respondeu incorretamente'),
(15, 'O paciente respondeu corretamente'),
(15, 'Respondeu incorretamente'),
(16, 'O paciente respondeu corretamente'),
(16, 'Respondeu incorretamente'),
(17, 'O paciente respondeu corretamente'),
(17, 'Respondeu incorretamente'),
(18, 'O paciente respondeu corretamente'),
(18, 'Respondeu incorretamente'),
(19, 'CARRO'),
(19, 'VASO'),
(19, 'TIJOLO'),
(21, 'CARRO'),
(21, 'VASO'),
(21, 'TIJOLO'),
(22, 'Relógio'),
(22, 'Caneta'),
(23, 'O paciente respondeu corretamente'),
(23, 'Respondeu incorretamente'),
(24, 'Pegou o papel com a mão direita.'),
(24, 'Dobrou o papel ao meio.'),
(24, 'Colocou o papel no chão.'),
(25, 'O paciente respondeu corretamente'),
(25, 'Respondeu incorretamente'),
(26, 'O paciente respondeu corretamente'),
(26, 'Respondeu incorretamente'),
(27, 'O paciente respondeu corretamente'),
(27, 'Respondeu incorretamente'),
(28, 'Excelente, boa ou muito boa'),
(28, 'Regular ou ruim'),
(29, 'Melhor'),
(29, 'Pior'),
(29, 'Igual'),
(30, 'Sim'),
(30, 'Não ou não faz compras por outros motivos que não a saúde'),
(31, 'Sim'),
(31, 'Não ou não controla o dinheiro por outros motivos que não a saúde'),
(32, 'Sim'),
(32, 'Não ou não faz trabalhos domésticos por outros motivos que não a saúde'),
(33, 'Sim'),
(33, 'Não'),
(34, 'Sim'),
(34, 'Não'),
(35, 'Sim'),
(35, 'Não'),
(36, 'Sim'),
(36, 'Não'),
(37, 'Sim'),
(37, 'Não'),
(38, 'Sim'),
(38, 'Não'),
(39, 'Sim'),
(39, 'Não'),
(40, 'Sim'),
(40, 'Não'),
(41, 'Perda de peso não intencional de 4,5 kg ou 5% do peso corporal no último ano ou 6 kg nos últimos 6 meses ou 3 kg no último mês'),
(41, 'Índice de Massa Corporal (IMC) menor que 22 kg/m²'),
(41, 'Circunferência da panturrilha < 31 cm'),
(41, 'Tempo gasto no teste de velocidade de marcha (4m) > 5 segundos'),
(42, 'Sim'),
(42, 'Não'),
(43, 'Não'),
(43, '1 vez'),
(43, '2 vezes'),
(43, '3 vezes ou mais'),
(44, 'Sim'),
(44, 'Não'),
(45, 'Sim'),
(45, 'Não'),
(46, 'Sim'),
(46, 'Não'),
(47, 'Cinco ou mais doenças crônicas'),
(47, 'Uso regular de cinco ou mais medicamentos diferentes'),
(47, 'Internação recente, nos últimos 6 meses'),
(54, 'Nem um pouco'),
(54, 'Um pouco'),
(54, 'Mais ou menos'),
(54, 'Muito'),
(54, 'Muitíssimo'),
(55, 'Nem um pouco'),
(55, 'Um pouco'),
(55, 'Mais ou menos'),
(55, 'Muito'),
(55, 'Muitíssimo'),
(56, 'Nem um pouco'),
(56, 'Um pouco'),
(56, 'Mais ou menos'),
(56, 'Muito'),
(56, 'Muitíssimo'),
(57, 'Nem um pouco'),
(57, 'Um pouco'),
(57, 'Mais ou menos'),
(57, 'Muito'),
(57, 'Muitíssimo'),
(58, 'Nem um pouco'),
(58, 'Um pouco'),
(58, 'Mais ou menos'),
(58, 'Muito'),
(58, 'Muitíssimo'),
(59, 'Nem um pouco'),
(59, 'Um pouco'),
(59, 'Mais ou menos'),
(59, 'Muito'),
(59, 'Muitíssimo'),
(60, 'Nem um pouco'),
(60, 'Um pouco'),
(60, 'Mais ou menos'),
(60, 'Muito'),
(60, 'Muitíssimo'),
(61, 'Nem um pouco'),
(61, 'Um pouco'),
(61, 'Mais ou menos'),
(61, 'Muito'),
(61, 'Muitíssimo'),
(62, 'Nem um pouco'),
(62, 'Um pouco'),
(62, 'Mais ou menos'),
(62, 'Muito'),
(62, 'Muitíssimo'),
(63, 'Nem um pouco'),
(63, 'Um pouco'),
(63, 'Mais ou menos'),
(63, 'Muito'),
(63, 'Muitíssimo'),
(64, 'Nem um pouco'),
(64, 'Um pouco'),
(64, 'Mais ou menos'),
(64, 'Muito'),
(64, 'Muitíssimo'),
(65, 'Nem um pouco'),
(65, 'Um pouco'),
(65, 'Mais ou menos'),
(65, 'Muito'),
(65, 'Muitíssimo'),
(66, 'Nem um pouco'),
(66, 'Um pouco'),
(66, 'Mais ou menos'),
(66, 'Muito'),
(66, 'Muitíssimo'),
(67, 'Nem um pouco'),
(67, 'Um pouco'),
(67, 'Mais ou menos'),
(67, 'Muito'),
(67, 'Muitíssimo'),
(68, 'Nem um pouco'),
(68, 'Um pouco'),
(68, 'Mais ou menos'),
(68, 'Muito'),
(68, 'Muitíssimo'),
(69, 'Nem um pouco'),
(69, 'Um pouco'),
(69, 'Mais ou menos'),
(69, 'Muito'),
(69, 'Muitíssimo'),
(70, 'Nem um pouco'),
(70, 'Um pouco'),
(70, 'Mais ou menos'),
(70, 'Muito'),
(70, 'Muitíssimo'),
(71, 'Nem um pouco'),
(71, 'Um pouco'),
(71, 'Mais ou menos'),
(71, 'Muito'),
(71, 'Muitíssimo'),
(72, 'Nem um pouco'),
(72, 'Um pouco'),
(72, 'Mais ou menos'),
(72, 'Muito'),
(72, 'Muitíssimo'),
(73, 'Nem um pouco'),
(73, 'Um pouco'),
(73, 'Mais ou menos'),
(73, 'Muito'),
(73, 'Muitíssimo'),
(74, 'Nem um pouco'),
(74, 'Um pouco'),
(74, 'Mais ou menos'),
(74, 'Muito'),
(74, 'Muitíssimo'),
(75, 'Nem um pouco'),
(75, 'Um pouco'),
(75, 'Mais ou menos'),
(75, 'Muito'),
(75, 'Muitíssimo'),
(76, 'Nem um pouco'),
(76, 'Um pouco'),
(76, 'Mais ou menos'),
(76, 'Muito'),
(76, 'Muitíssimo'),
(77, 'Nem um pouco'),
(77, 'Um pouco'),
(77, 'Mais ou menos'),
(77, 'Muito'),
(77, 'Muitíssimo'),
(78, 'Nem um pouco'),
(78, 'Um pouco'),
(78, 'Mais ou menos'),
(78, 'Muito'),
(78, 'Muitíssimo'),
(79, 'Nem um pouco'),
(79, 'Um pouco'),
(79, 'Mais ou menos'),
(79, 'Muito'),
(79, 'Muitíssimo'),
(80, 'Nem um pouco'),
(80, 'Um pouco'),
(80, 'Mais ou menos'),
(80, 'Muito'),
(80, 'Muitíssimo'),
(81, 'Nem um pouco'),
(81, 'Um pouco'),
(81, 'Mais ou menos'),
(81, 'Muito'),
(81, 'Muitíssimo'),
(82, 'Nem um pouco'),
(82, 'Um pouco'),
(82, 'Mais ou menos'),
(82, 'Muito'),
(82, 'Muitíssimo'),
(83, 'Nem um pouco'),
(83, 'Um pouco'),
(83, 'Mais ou menos'),
(83, 'Muito'),
(83, 'Muitíssimo'),
(84, 'Nem um pouco'),
(84, 'Um pouco'),
(84, 'Mais ou menos'),
(84, 'Muito'),
(84, 'Muitíssimo'),
(85, 'Nem um pouco'),
(85, 'Um pouco'),
(85, 'Mais ou menos'),
(85, 'Muito'),
(85, 'Muitíssimo'),
(86, 'Nem um pouco'),
(86, 'Um pouco'),
(86, 'Mais ou menos'),
(86, 'Muito'),
(86, 'Muitíssimo'),
(87, 'Nem um pouco'),
(87, 'Um pouco'),
(87, 'Mais ou menos'),
(87, 'Muito'),
(87, 'Muitíssimo'),
(88, 'Nem um pouco'),
(88, 'Um pouco'),
(88, 'Mais ou menos'),
(88, 'Muito'),
(88, 'Muitíssimo'),
(89, 'Nem um pouco'),
(89, 'Um pouco'),
(89, 'Mais ou menos'),
(89, 'Muito'),
(89, 'Muitíssimo'),
(90, 'Nem um pouco'),
(90, 'Um pouco'),
(90, 'Mais ou menos'),
(90, 'Muito'),
(90, 'Muitíssimo'),
(91, 'Nem um pouco'),
(91, 'Um pouco'),
(91, 'Mais ou menos'),
(91, 'Muito'),
(91, 'Muitíssimo'),
(92, 'Nem um pouco'),
(92, 'Um pouco'),
(92, 'Mais ou menos'),
(92, 'Muito'),
(92, 'Muitíssimo'),
(93, 'Nem um pouco'),
(93, 'Um pouco'),
(93, 'Mais ou menos'),
(93, 'Muito'),
(93, 'Muitíssimo');

-- Mapeamentos de pontuação para perguntas do FACTF
-- Mapeamento DIRETO: Nem um pouco=0, Um pouco=1, Mais ou menos=2, Muito=3, Muitíssimo=4
-- Mapeamento REVERSO: Nem um pouco=4, Um pouco=3, Mais ou menos=2, Muito=1, Muitíssimo=0

-- Bem-estar Físico (GP1-GP7) - REVERSO
INSERT INTO public.pontuacao_mapeamento (pergunta_id, chave, pontos) VALUES
(54, 'Nem um pouco', 4), (54, 'Um pouco', 3), (54, 'Mais ou menos', 2), (54, 'Muito', 1), (54, 'Muitíssimo', 0),
(55, 'Nem um pouco', 4), (55, 'Um pouco', 3), (55, 'Mais ou menos', 2), (55, 'Muito', 1), (55, 'Muitíssimo', 0),
(56, 'Nem um pouco', 4), (56, 'Um pouco', 3), (56, 'Mais ou menos', 2), (56, 'Muito', 1), (56, 'Muitíssimo', 0),
(57, 'Nem um pouco', 4), (57, 'Um pouco', 3), (57, 'Mais ou menos', 2), (57, 'Muito', 1), (57, 'Muitíssimo', 0),
(58, 'Nem um pouco', 4), (58, 'Um pouco', 3), (58, 'Mais ou menos', 2), (58, 'Muito', 1), (58, 'Muitíssimo', 0),
(59, 'Nem um pouco', 4), (59, 'Um pouco', 3), (59, 'Mais ou menos', 2), (59, 'Muito', 1), (59, 'Muitíssimo', 0),
(60, 'Nem um pouco', 4), (60, 'Um pouco', 3), (60, 'Mais ou menos', 2), (60, 'Muito', 1), (60, 'Muitíssimo', 0);

-- Bem-estar Social/Familiar (GS1-GS7) - DIRETO
INSERT INTO public.pontuacao_mapeamento (pergunta_id, chave, pontos) VALUES
(61, 'Nem um pouco', 0), (61, 'Um pouco', 1), (61, 'Mais ou menos', 2), (61, 'Muito', 3), (61, 'Muitíssimo', 4),
(62, 'Nem um pouco', 0), (62, 'Um pouco', 1), (62, 'Mais ou menos', 2), (62, 'Muito', 3), (62, 'Muitíssimo', 4),
(63, 'Nem um pouco', 0), (63, 'Um pouco', 1), (63, 'Mais ou menos', 2), (63, 'Muito', 3), (63, 'Muitíssimo', 4),
(64, 'Nem um pouco', 0), (64, 'Um pouco', 1), (64, 'Mais ou menos', 2), (64, 'Muito', 3), (64, 'Muitíssimo', 4),
(65, 'Nem um pouco', 0), (65, 'Um pouco', 1), (65, 'Mais ou menos', 2), (65, 'Muito', 3), (65, 'Muitíssimo', 4),
(66, 'Nem um pouco', 0), (66, 'Um pouco', 1), (66, 'Mais ou menos', 2), (66, 'Muito', 3), (66, 'Muitíssimo', 4),
(67, 'Nem um pouco', 0), (67, 'Um pouco', 1), (67, 'Mais ou menos', 2), (67, 'Muito', 3), (67, 'Muitíssimo', 4);

-- Bem-estar Emocional (GE1-GE6) - GE1 REVERSO, GE2 DIRETO, GE3-GE6 REVERSO
INSERT INTO public.pontuacao_mapeamento (pergunta_id, chave, pontos) VALUES
(68, 'Nem um pouco', 4), (68, 'Um pouco', 3), (68, 'Mais ou menos', 2), (68, 'Muito', 1), (68, 'Muitíssimo', 0),
(69, 'Nem um pouco', 0), (69, 'Um pouco', 1), (69, 'Mais ou menos', 2), (69, 'Muito', 3), (69, 'Muitíssimo', 4),
(70, 'Nem um pouco', 4), (70, 'Um pouco', 3), (70, 'Mais ou menos', 2), (70, 'Muito', 1), (70, 'Muitíssimo', 0),
(71, 'Nem um pouco', 4), (71, 'Um pouco', 3), (71, 'Mais ou menos', 2), (71, 'Muito', 1), (71, 'Muitíssimo', 0),
(72, 'Nem um pouco', 4), (72, 'Um pouco', 3), (72, 'Mais ou menos', 2), (72, 'Muito', 1), (72, 'Muitíssimo', 0),
(73, 'Nem um pouco', 4), (73, 'Um pouco', 3), (73, 'Mais ou menos', 2), (73, 'Muito', 1), (73, 'Muitíssimo', 0);

-- Bem-estar Funcional (GF1-GF7) - DIRETO
INSERT INTO public.pontuacao_mapeamento (pergunta_id, chave, pontos) VALUES
(74, 'Nem um pouco', 0), (74, 'Um pouco', 1), (74, 'Mais ou menos', 2), (74, 'Muito', 3), (74, 'Muitíssimo', 4),
(75, 'Nem um pouco', 0), (75, 'Um pouco', 1), (75, 'Mais ou menos', 2), (75, 'Muito', 3), (75, 'Muitíssimo', 4),
(76, 'Nem um pouco', 0), (76, 'Um pouco', 1), (76, 'Mais ou menos', 2), (76, 'Muito', 3), (76, 'Muitíssimo', 4),
(77, 'Nem um pouco', 0), (77, 'Um pouco', 1), (77, 'Mais ou menos', 2), (77, 'Muito', 3), (77, 'Muitíssimo', 4),
(78, 'Nem um pouco', 0), (78, 'Um pouco', 1), (78, 'Mais ou menos', 2), (78, 'Muito', 3), (78, 'Muitíssimo', 4),
(79, 'Nem um pouco', 0), (79, 'Um pouco', 1), (79, 'Mais ou menos', 2), (79, 'Muito', 3), (79, 'Muitíssimo', 4),
(80, 'Nem um pouco', 0), (80, 'Um pouco', 1), (80, 'Mais ou menos', 2), (80, 'Muito', 3), (80, 'Muitíssimo', 4);

-- Fadiga (HI7, HI12, An1-An16) - Maioria REVERSO, An5 e An7 DIRETO
INSERT INTO public.pontuacao_mapeamento (pergunta_id, chave, pontos) VALUES
(81, 'Nem um pouco', 4), (81, 'Um pouco', 3), (81, 'Mais ou menos', 2), (81, 'Muito', 1), (81, 'Muitíssimo', 0),
(82, 'Nem um pouco', 4), (82, 'Um pouco', 3), (82, 'Mais ou menos', 2), (82, 'Muito', 1), (82, 'Muitíssimo', 0),
(83, 'Nem um pouco', 4), (83, 'Um pouco', 3), (83, 'Mais ou menos', 2), (83, 'Muito', 1), (83, 'Muitíssimo', 0),
(84, 'Nem um pouco', 4), (84, 'Um pouco', 3), (84, 'Mais ou menos', 2), (84, 'Muito', 1), (84, 'Muitíssimo', 0),
(85, 'Nem um pouco', 4), (85, 'Um pouco', 3), (85, 'Mais ou menos', 2), (85, 'Muito', 1), (85, 'Muitíssimo', 0),
(86, 'Nem um pouco', 4), (86, 'Um pouco', 3), (86, 'Mais ou menos', 2), (86, 'Muito', 1), (86, 'Muitíssimo', 0),
(87, 'Nem um pouco', 0), (87, 'Um pouco', 1), (87, 'Mais ou menos', 2), (87, 'Muito', 3), (87, 'Muitíssimo', 4),
(88, 'Nem um pouco', 0), (88, 'Um pouco', 1), (88, 'Mais ou menos', 2), (88, 'Muito', 3), (88, 'Muitíssimo', 4),
(89, 'Nem um pouco', 4), (89, 'Um pouco', 3), (89, 'Mais ou menos', 2), (89, 'Muito', 1), (89, 'Muitíssimo', 0),
(90, 'Nem um pouco', 4), (90, 'Um pouco', 3), (90, 'Mais ou menos', 2), (90, 'Muito', 1), (90, 'Muitíssimo', 0),
(91, 'Nem um pouco', 4), (91, 'Um pouco', 3), (91, 'Mais ou menos', 2), (91, 'Muito', 1), (91, 'Muitíssimo', 0),
(92, 'Nem um pouco', 4), (92, 'Um pouco', 3), (92, 'Mais ou menos', 2), (92, 'Muito', 1), (92, 'Muitíssimo', 0),
(93, 'Nem um pouco', 4), (93, 'Um pouco', 3), (93, 'Mais ou menos', 2), (93, 'Muito', 1), (93, 'Muitíssimo', 0);

-- Mapeamentos de pontuação para PFS (perguntas 102-105) - Não somam pontos
INSERT INTO public.pontuacao_mapeamento (pergunta_id, chave, pontos) VALUES
(102, 'SIM', 0), (102, 'NÃO', 0),
(103, 'SIM', 0), (103, 'NÃO', 0),
(104, 'SIM', 0), (104, 'NÃO', 0),
(105, 'SIM', 0), (105, 'NÃO', 0);

-- Mapeamentos de pontuação para MEEM (Mini Exame do Estado Mental)
-- Orientação Temporal (perguntas 9-13)
INSERT INTO public.pontuacao_mapeamento (pergunta_id, chave, pontos) VALUES
(9, 'O paciente respondeu corretamente', 1), (9, 'Respondeu incorretamente', 0),
(10, 'O paciente respondeu corretamente', 1), (10, 'Respondeu incorretamente', 0),
(11, 'O paciente respondeu corretamente', 1), (11, 'Respondeu incorretamente', 0),
(12, 'O paciente respondeu corretamente', 1), (12, 'Respondeu incorretamente', 0),
(13, 'O paciente respondeu corretamente', 1), (13, 'Respondeu incorretamente', 0);

-- Orientação Espacial (perguntas 14-18)
INSERT INTO public.pontuacao_mapeamento (pergunta_id, chave, pontos) VALUES
(14, 'O paciente respondeu corretamente', 1), (14, 'Respondeu incorretamente', 0),
(15, 'O paciente respondeu corretamente', 1), (15, 'Respondeu incorretamente', 0),
(16, 'O paciente respondeu corretamente', 1), (16, 'Respondeu incorretamente', 0),
(17, 'O paciente respondeu corretamente', 1), (17, 'Respondeu incorretamente', 0),
(18, 'O paciente respondeu corretamente', 1), (18, 'Respondeu incorretamente', 0);

-- Memória Imediata (pergunta 19)
INSERT INTO public.pontuacao_mapeamento (pergunta_id, chave, pontos) VALUES
(19, 'CARRO', 1), (19, 'VASO', 1), (19, 'TIJOLO', 1);

-- Evocação das palavras (pergunta 21)
INSERT INTO public.pontuacao_mapeamento (pergunta_id, chave, pontos) VALUES
(21, 'CARRO', 1), (21, 'VASO', 1), (21, 'TIJOLO', 1);

-- Nomeação (pergunta 22)
INSERT INTO public.pontuacao_mapeamento (pergunta_id, chave, pontos) VALUES
(22, 'Relógio', 1), (22, 'Caneta', 1);

-- Repetição (pergunta 23)
INSERT INTO public.pontuacao_mapeamento (pergunta_id, chave, pontos) VALUES
(23, 'O paciente respondeu corretamente', 1), (23, 'Respondeu incorretamente', 0);

-- Comando (pergunta 24)
INSERT INTO public.pontuacao_mapeamento (pergunta_id, chave, pontos) VALUES
(24, 'Pegou o papel com a mão direita.', 1),
(24, 'Dobrou o papel ao meio.', 1),
(24, 'Colocou o papel no chão.', 1);

-- Leitura e Obediência (pergunta 25)
INSERT INTO public.pontuacao_mapeamento (pergunta_id, chave, pontos) VALUES
(25, 'O paciente respondeu corretamente', 1), (25, 'Respondeu incorretamente', 0);

-- Escrita (pergunta 26)
INSERT INTO public.pontuacao_mapeamento (pergunta_id, chave, pontos) VALUES
(26, 'O paciente respondeu corretamente', 1), (26, 'Respondeu incorretamente', 0);

-- Cópia do Desenho (pergunta 27)
INSERT INTO public.pontuacao_mapeamento (pergunta_id, chave, pontos) VALUES
(27, 'O paciente respondeu corretamente', 1), (27, 'Respondeu incorretamente', 0);

-- Mapeamentos de pontuação para IVCF-20
-- Idade (pergunta 106)
INSERT INTO public.pontuacao_mapeamento (pergunta_id, chave, pontos) VALUES
(106, '60-74 anos', 0), (106, '75-84 anos', 1), (106, '85 anos ou mais', 3);

-- Auto-percepção da Saúde (pergunta 28)
INSERT INTO public.pontuacao_mapeamento (pergunta_id, chave, pontos) VALUES
(28, 'Excelente, boa ou muito boa', 0), (28, 'Regular ou ruim', 1);

-- Percepção da saúde comparada (pergunta 29) - Não pontua
INSERT INTO public.pontuacao_mapeamento (pergunta_id, chave, pontos) VALUES
(29, 'Melhor', 0), (29, 'Pior', 0), (29, 'Igual', 0);

-- Atividades de Vida Diária - Usa MAX_PERGUNTAS (pontuação máxima entre as perguntas)
-- Pergunta 30 (Compras)
INSERT INTO public.pontuacao_mapeamento (pergunta_id, chave, pontos) VALUES
(30, 'Sim', 1), (30, 'Não ou não faz compras por outros motivos que não a saúde', 0);

-- Pergunta 31 (Dinheiro)
INSERT INTO public.pontuacao_mapeamento (pergunta_id, chave, pontos) VALUES
(31, 'Sim', 1), (31, 'Não ou não controla o dinheiro por outros motivos que não a saúde', 0);

-- Pergunta 32 (Trabalhos domésticos)
INSERT INTO public.pontuacao_mapeamento (pergunta_id, chave, pontos) VALUES
(32, 'Sim', 1), (32, 'Não ou não faz trabalhos domésticos por outros motivos que não a saúde', 0);

-- Pergunta 33 (Banho) - Não pontua
INSERT INTO public.pontuacao_mapeamento (pergunta_id, chave, pontos) VALUES
(33, 'Sim', 0), (33, 'Não', 0);

-- Cognição (perguntas 34-36) - Usa SOMA_PERGUNTAS
INSERT INTO public.pontuacao_mapeamento (pergunta_id, chave, pontos) VALUES
(34, 'Sim', 1), (34, 'Não', 0),
(35, 'Sim', 1), (35, 'Não', 0),
(36, 'Sim', 1), (36, 'Não', 0);

-- Humor (perguntas 37-38) - Usa SOMA_PERGUNTAS
INSERT INTO public.pontuacao_mapeamento (pergunta_id, chave, pontos) VALUES
(37, 'Sim', 1), (37, 'Não', 0),
(38, 'Sim', 1), (38, 'Não', 0);

-- Mobilidade - Usa MAX_PERGUNTAS (pontuação máxima entre as perguntas)
-- Perguntas 39 e 40 (Braços e Objetos)
INSERT INTO public.pontuacao_mapeamento (pergunta_id, chave, pontos) VALUES
(39, 'Sim', 1), (39, 'Não', 0),
(40, 'Sim', 1), (40, 'Não', 0);

-- Pergunta 41 (4 condições - checkbox, MAPEAMENTO_MAX, se qualquer opção marcada = 2 pontos)
INSERT INTO public.pontuacao_mapeamento (pergunta_id, chave, pontos) VALUES
(41, 'Perda de peso não intencional de 4,5 kg ou 5% do peso corporal no último ano ou 6 kg nos últimos 6 meses ou 3 kg no último mês', 2),
(41, 'Índice de Massa Corporal (IMC) menor que 22 kg/m²', 2),
(41, 'Circunferência da panturrilha < 31 cm', 2),
(41, 'Tempo gasto no teste de velocidade de marcha (4m) > 5 segundos', 2);

-- Pergunta 42 (Caminhar)
INSERT INTO public.pontuacao_mapeamento (pergunta_id, chave, pontos) VALUES
(42, 'Sim', 2), (42, 'Não', 0);

-- Pergunta 43 (Quedas)
INSERT INTO public.pontuacao_mapeamento (pergunta_id, chave, pontos) VALUES
(43, 'Não', 0), (43, '1 vez', 1), (43, '2 vezes', 2), (43, '3 vezes ou mais', 3);

-- Pergunta 44 (Incontinência)
INSERT INTO public.pontuacao_mapeamento (pergunta_id, chave, pontos) VALUES
(44, 'Sim', 2), (44, 'Não', 0);

-- Comunicação - Usa MAX_PERGUNTAS (pontuação máxima entre as perguntas)
-- Pergunta 45 (Visão)
INSERT INTO public.pontuacao_mapeamento (pergunta_id, chave, pontos) VALUES
(45, 'Sim', 2), (45, 'Não', 0);

-- Pergunta 46 (Audição)
INSERT INTO public.pontuacao_mapeamento (pergunta_id, chave, pontos) VALUES
(46, 'Sim', 2), (46, 'Não', 0);

-- Pergunta 47 (Comorbidades - checkbox, MAPEAMENTO_MAX, se qualquer opção marcada = 4 pontos)
INSERT INTO public.pontuacao_mapeamento (pergunta_id, chave, pontos) VALUES
(47, 'Cinco ou mais doenças crônicas', 4),
(47, 'Uso regular de cinco ou mais medicamentos diferentes', 4),
(47, 'Internação recente, nos últimos 6 meses', 4);


SELECT pg_catalog.setval('public.etapa_id_seq', 106, true);



SELECT pg_catalog.setval('public.formulario_id_seq', 5, true);


SELECT pg_catalog.setval('public.pergunta_id_seq', 106, true);



