-- Insert data into the 'formulario' and 'etapa' tables

INSERT INTO public.formulario (id, descricao, tipo, titulo) VALUES
(1, 'Avaliação do nível de fadiga física e mental após diferentes atividades', 'pfs', 'Formulário PFS'),
(2, 'Avaliação cognitiva para identificar possíveis déficits cognitivos.', 'minimental', 'Mini Exame do Estado Mental (MEEM)'),
(3, 'Avaliação multidimensional do grau de vulnerabilidade clínica e funcional de idosos', 'ivcf20', 'Índice de Vulnerabilidade Clínico-Funcional (IVCF-20)'),
(4, 'Nível de Atividade Física e Comportamento Sedentário', 'sedentarismo', 'Nível de Atividade Física e Comportamento Sedentário'),
(5, 'Avaliação da qualidade de vida e fadiga em pacientes com câncer', 'factf', 'Functional Assessment of Cancer Therapy - Fatigue (FACT-F)');

INSERT INTO public.etapa (id, descricao, titulo, formulario_id) VALUES
(1, 'Instruções: Nas perguntas a seguir indique o nível de fadiga física e mental (ou seja, cansaço, exaustão) que você espera ou imagina sentir imediatamente após completar cada uma das dez atividades listadas. Para cada atividade (a-j), circule as respostas para fadiga física e mental entre 0 e 5, onde ''0'' é igual a nenhuma fadiga e ''5'' é igual a fadiga extrema.', 'Escala de Fatigabilidade de Pittsburgh', 1),
(2, 'Classifique os níveis de fadiga ao caminhar à lazer por 30 minutos.', 'Atividade 1', 1),
(3, 'Classifique os níveis de fadiga: Atividade doméstica leve por 1 hora (limpar, cozinhar, tirar o pó, assar, arrumar camas, lavar louça, regar plantas)', 'Atividade 2', 1),
(4, 'Classifique os níveis de fadiga: Participar de atividade social por 1 hora (festa, jantar, centro de idosos, reunião com família/amigos, jogar cartas)', 'Atividade 3', 1),
(5, 'Classifique os níveis de fadiga: Atividade de alta intensidade por 30 minutos (corrida, caminhada, ciclismo, natação, esportes com raquete, aparelhos aeróbicos, dança, zumba)', 'Atividade 4', 1),
(6, 'Pergunte ao paciente as seguintes questões, será calculado 1 ponto para cada.', 'Orientação Temporal', 2),
(7, 'Pergunte ao paciente as seguintes questões, será calculado 1 ponto para cada.', 'Orientação Espacial', 2),
(8, 'Eu vou dizer 3 palavras e você irá repeti-las a seguir: CARRO – VASO – TIJOLO. Pode repeti-las até três vezes para o aprendizado, se houver erros.', 'Memória Imediata', 2),
(9, 'Subtração de 7 seriadamente (100-7; 93-7; 86-7; 79-7; 72-7; 65). Se houver erro, corrija-o e prossiga. Considere correto se o avaliado espontaneamente se autocorrigir.', 'Cálculo', 2),
(10, 'Pergunte quais as palavras que o indivíduo acabara de repetir (CARRO-VASO-TIJOLO).', 'Evocação das palavras', 2),
(11, 'Peça para o indivíduo nomear os objetos mostrados (relógio, caneta).', 'Nomeação', 2),
(12, 'Preste atenção: Vou lhe dizer uma frase e quero que você repita depois de mim: “NEM AQUI, NEM ALI, NEM LÁ”.', 'Repetição', 2),
(13, 'Pegue este papel com a mão direita (1 ponto), dobre-o ao meio (1 ponto) e coloque-o no chão (1 ponto).  Se o indivíduo pedir ajuda no meio da tarefa não dê dicas.', 'Comando', 2),
(14, 'Mostre a frase escrita: “FECHE OS OLHOS” e peça para o indivíduo fazer o que está sendo mandado. Não auxilie se pedir ajuda ou se só ler a frase sem realizar o comando.', 'Leitura e Obediência', 2),
(15, 'Peça ao indivíduo para escrever uma frase. Se não compreender o significado, ajude com: alguma frase que tenha começo, meio e fim, alguma coisa que aconteceu hoje; alguma coisa que queira dizer. Para a correção não são considerados erros gramaticais ou de ortografia. (1 ponto).', 'Escrita', 2),
(16, 'Mostre o modelo e peça para fazer o melhor possível. Considere apenas se houver 2 pentágonos intersecionados (10 ângulos) formando uma figura de quatro lados ou com dois ângulos (1 ponto).', 'Cópia do Desenho', 2),
(17, 'Avaliação geral da saúde comparada a outras pessoas da mesma idade.', 'Auto-percepção da Saúde', 3),
(18, 'Avaliação geral da saúde comparada historicamente.', 'Percepção da saúde comparada', 3),
(19, 'Avaliação de atividades como compras, finanças, e pequenos trabalhos domésticos.', 'Atividades de Vida Diária', 3),
(20, 'Avaliação de possíveis sinais de problemas de memória.', 'Cognição', 3),
(21, 'Avaliação de sintomas relacionados ao humor.', 'Humor', 3),
(22, 'Avaliação de mobilidade e capacidade física.', 'Mobilidade', 3),
(23, 'Avaliação de problemas de comunicação relacionados à saúde.', 'Comunicação', 3),
(24, 'Você consegue realizá-la conversando com dificuldade enquanto se movimenta e não vai conseguir cantar.', 'Atividade Moderada', 4),
(25, 'Você não vai conseguir nem conversar. A sua respiração vai ser muito mais rápida que o normal e os batimentos do seu coração vão aumentar muito.', 'Atividade Vigorosa', 4),
(26, 'Quanto tempo do seu dia, enquanto você está acordado, você gasta sentado, reclinado ou deitado, assistindo televisão, no celular, em frente ao computador, realizando trabalhos manuais, dirigindo ou lendo?', 'Comportamento Sedentário', 4),
(27, 'Avaliação do seu estado físico durante os últimos 7 dias', 'Bem-estar Físico', 5),
(28, 'Avaliação do seu relacionamento com família e amigos durante os últimos 7 dias', 'Bem-estar Social/Familiar', 5),
(29, 'Avaliação do seu estado emocional durante os últimos 7 dias', 'Bem-estar Emocional', 5),
(30, 'Avaliação da sua capacidade funcional durante os últimos 7 dias', 'Bem-estar Funcional', 5),
(31, 'Avaliação de preocupações específicas durante os últimos 7 dias', 'Preocupações Adicionais', 5);

-- Insert data into the 'pergunta' table
INSERT INTO public.pergunta (id, texto, tipo, max, min, required, etapa_id) VALUES
(1, 'Fadiga Física', 'range', 5, 0, true, 2),
(2, 'Fadiga Mental', 'range', 5, 0, true, 2),
(3, 'Fadiga Física', 'range', 5, 0, true, 3),
(4, 'Fadiga Mental', 'range', 5, 0, true, 3),
(5, 'Fadiga Física', 'range', 5, 0, true, 4),
(6, 'Fadiga Mental', 'range', 5, 0, true, 4),
(7, 'Fadiga Física', 'range', 5, 0, true, 5),
(8, 'Fadiga Mental', 'range', 5, 0, true, 5),
(9, 'Que dia é hoje?', 'radio', NULL, NULL, true, 6),
(10, 'Em que mês estamos?', 'radio', NULL, NULL, true, 6),
(11, 'Em que ano estamos?', 'radio', NULL, NULL, true, 6),
(12, 'Em que dia da semana estamos?', 'radio', NULL, NULL, true, 6),
(13, 'Qual a hora atual aproximada (considere variação de mais ou menos 1 hora)', 'radio', NULL, NULL, true, 6),
(14, 'Em que local nós estamos? (consultório, sala, dormitório...)', 'radio', NULL, NULL, true, 7),
(15, 'Que local é este aqui? (apontando ao redor num sentido mais amplo.... hospital, casa de repouso, própria casa...)', 'radio', NULL, NULL, true, 7),
(16, 'Em que bairro nós estamos ou qual o nome de uma rua próxima?', 'radio', NULL, NULL, true, 7),
(17, 'Em que cidade nós estamos?', 'radio', NULL, NULL, true, 7),
(18, 'Em que estado nós estamos?', 'radio', NULL, NULL, true, 7),
(19, 'Marque cada palavra repetida corretamente na 1ª vez.', 'checkbox', NULL, NULL, false, 8),
(20, 'Considere 1 ponto para cada resultado correto.', 'range', 6, 0, true, 9),
(21, 'Marque cada palavra repetida corretamente.', 'checkbox', NULL, NULL, false, 10),
(22, 'Marque cada objeto nomeado corretamente.', 'checkbox', NULL, NULL, false, 11),
(23, 'Considere somente se a repetição for perfeita', 'radio', NULL, NULL, true, 12),
(24, 'Avalie cada critério.', 'checkbox', NULL, NULL, false, 13),
(25, 'Avalie o resultado.', 'radio', NULL, NULL, true, 14),
(26, 'Avalie o resultado.', 'radio', NULL, NULL, true, 15),
(27, 'Avalie o desenho.', 'radio', NULL, NULL, true, 16),
(28, 'Em geral, comparado com outras pessoas da sua idade, como você diria que está a sua saúde?', 'radio', NULL, NULL, NULL, 17),
(29, 'Comparada há um ano atrás, como você se classificaria sua saúde em geral, agora?', 'radio', NULL, NULL, NULL, 18),
(30, 'Você deixou de fazer compras por causa da sua saúde ou condição física?', 'radio', NULL, NULL, NULL, 19),
(31, 'Você deixou de controlar seu dinheiro ou os gastos da casa por causa da sua saúde ou condição física?', 'radio', NULL, NULL, NULL, 19),
(32, 'Você deixou de realizar pequenos trabalhos domésticos (limpeza leve, arrumar a casa, lavar louças) por causa da sua saúde ou condição física?', 'radio', NULL, NULL, NULL, 19),
(33, 'Você deixou de tomar banho sozinho por causa da sua saúde ou condição física?', 'radio', NULL, NULL, NULL, 19),
(34, 'Algum familiar ou amigo falou que você está ficando esquecido?', 'radio', NULL, NULL, NULL, 20),
(35, 'Este esquecimento está piorando nos últimos meses?', 'radio', NULL, NULL, NULL, 20),
(36, 'Este esquecimento está impedindo a realização de alguma atividade do cotidiano?', 'radio', NULL, NULL, NULL, 20),
(37, 'No último mês, você ficou com desânimo, tristeza ou desesperança?', 'radio', NULL, NULL, NULL, 21),
(38, 'No último mês, você perdeu o interesse ou prazer em atividades anteriormente prazerosas?', 'radio', NULL, NULL, NULL, 21),
(39, 'Você é incapaz de elevar os braços acima do nível do ombro?', 'radio', NULL, NULL, NULL, 22),
(40, 'Você é incapaz de segurar pequenos objetos?', 'radio', NULL, NULL, NULL, 22),
(41, 'Você tem alguma das quatro condições abaixo relacionadas?', 'checkbox', NULL, NULL, NULL, 22),
(42, 'Você tem dificuldade para caminhar capaz de impedir a realização de alguma atividade do cotidiano?', 'radio', NULL, NULL, NULL, 22),
(43, 'Você caiu no último ano? Quantas vezes?', 'radio', NULL, NULL, NULL, 22),
(44, 'Você perde urina ou fezes, sem querer, em algum momento?', 'radio', NULL, NULL, NULL, 22),
(45, 'Você tem problemas de visão capazes de impedir a realização de alguma atividade do cotidiano? É permitido o uso de óculos ou lentes de contato.', 'radio', NULL, NULL, NULL, 23),
(46, 'Você tem problemas de audição que impedem a realização de atividades do cotidiano? É permitido o uso de aparelhos de audição.', 'radio', NULL, NULL, NULL, 23),
(47, 'Você tem alguma das três condições abaixo relacionadas?', 'checkbox', NULL, NULL, NULL, 23),
(48, 'Quanto tempo por dia você realiza atividades moderadas? (HH:MM)', 'tempo', 7, 0, false, 24),
(49, 'Quantos dias por semana?', 'numero', 7, 0, false, 24),
(50, 'Quanto tempo por dia você realiza atividades vigorosas? (HH:MM)', 'tempo', NULL, NULL, NULL, 25),
(51, 'Quantos dias por semana?', 'numero', 7, 0, false, 25),
(52, 'Quanto tempo por dia? (HH:MM)', 'tempo', 7, 0, false, 26),
(53, 'Quantos dias por semana?', 'numero', 7, 0, false, 26),
(54, 'Estou sem energia', 'radio', NULL, NULL, true, 27),
(55, 'Fico enjoado(a)', 'radio', NULL, NULL, true, 27),
(56, 'Por causa do meu estado físico, tenho dificuldade em atender às necessidades da minha família', 'radio', NULL, NULL, true, 27),
(57, 'Tenho dores', 'radio', NULL, NULL, true, 27),
(58, 'Sinto-me incomodado(a) pelos efeitos secundários do tratamento', 'radio', NULL, NULL, true, 27),
(59, 'Sinto-me doente', 'radio', NULL, NULL, true, 27),
(60, 'Tenho que me deitar durante o dia', 'radio', NULL, NULL, true, 27),
(61, 'Sinto que tenho uma boa relação com os meus amigos', 'radio', NULL, NULL, true, 28),
(62, 'Recebo apoio emocional da minha família', 'radio', NULL, NULL, true, 28),
(63, 'Recebo apoio dos meus amigos', 'radio', NULL, NULL, true, 28),
(64, 'A minha família aceita a minha doença', 'radio', NULL, NULL, true, 28),
(65, 'Estou satisfeito(a) com a maneira como a minha família fala sobre a minha doença', 'radio', NULL, NULL, true, 28),
(66, 'Sinto-me próximo(a) do(a) meu (minha) parceiro(a) (ou da pessoa que me dá maior apoio)', 'radio', NULL, NULL, true, 28),
(67, 'Estou satisfeito(a) com a minha vida sexual', 'radio', NULL, NULL, false, 28),
(68, 'Sinto-me triste', 'radio', NULL, NULL, true, 29),
(69, 'Estou satisfeito(a) com a maneira como enfrento a minha doença', 'radio', NULL, NULL, true, 29),
(70, 'Estou perdendo a esperança na luta contra a minha doença', 'radio', NULL, NULL, true, 29),
(71, 'Sinto-me nervoso(a)', 'radio', NULL, NULL, true, 29),
(72, 'Estou preocupado(a) com a idéia de morrer', 'radio', NULL, NULL, true, 29),
(73, 'Estou preocupado(a) que o meu estado venha a piorar', 'radio', NULL, NULL, true, 29),
(74, 'Sou capaz de trabalhar (inclusive em casa)', 'radio', NULL, NULL, true, 30),
(75, 'Sinto-me realizado(a) com o meu trabalho (inclusive em casa)', 'radio', NULL, NULL, true, 30),
(76, 'Sou capaz de sentir prazer em viver', 'radio', NULL, NULL, true, 30),
(77, 'Aceito a minha doença', 'radio', NULL, NULL, true, 30),
(78, 'Durmo bem', 'radio', NULL, NULL, true, 30),
(79, 'Gosto das coisas que normalmente faço para me divertir', 'radio', NULL, NULL, true, 30),
(80, 'Estou satisfeito(a) com a qualidade da minha vida neste momento', 'radio', NULL, NULL, true, 30),
(81, 'Sinto-me fatigado(a)', 'radio', NULL, NULL, true, 31),
(82, 'Sinto fraqueza generalizada', 'radio', NULL, NULL, true, 31),
(83, 'Sinto-me sem forças', 'radio', NULL, NULL, true, 31),
(84, 'Sinto-me cansado(a)', 'radio', NULL, NULL, true, 31),
(85, 'Tenho dificuldade em começar as coisas porque estou cansado(a)', 'radio', NULL, NULL, true, 31),
(86, 'Tenho dificuldade em acabar as coisas porque estou cansado(a)', 'radio', NULL, NULL, true, 31),
(87, 'Tenho energia', 'radio', NULL, NULL, true, 31),
(88, 'Sou capaz de fazer as minhas atividades normais', 'radio', NULL, NULL, true, 31),
(89, 'Preciso (de) dormir durante o dia', 'radio', NULL, NULL, true, 31),
(90, 'Estou cansado(a) demais para comer', 'radio', NULL, NULL, true, 31),
(91, 'Preciso de ajuda para fazer as minhas atividades normais', 'radio', NULL, NULL, true, 31),
(92, 'Estou frustrado(a) por estar cansado(a) demais para fazer as coisas que quero', 'radio', NULL, NULL, true, 31),
(93, 'Tenho que limitar as minhas atividades sociais por estar cansado(a)', 'radio', NULL, NULL, true, 31);

-- Insert data into the 'pergunta_opcoes' table
INSERT INTO public.pergunta_opcoes (pergunta_id, opcoes) VALUES
(9, 'O paciente respondeu corretamente'),
(9, 'Respondeu incorretamente'),
(10, 'O paciente respondeu corretamente'),
(10, 'Respondeu incorretamente'),
(11, 'O paciente respondeu corretamente'),
(11, 'Respondeu incorretamente'),
(12, 'O paciente respondeu corretamente'),
(12, 'Respondeu incorretamente'),
(13, 'O paciente respondeu corretamente'),
(13, 'Respondeu incorretamente'),
(14, 'O paciente respondeu corretamente'),
(14, 'Respondeu incorretamente'),
(15, 'O paciente respondeu corretamente'),
(15, 'Respondeu incorretamente'),
(16, 'O paciente respondeu corretamente'),
(16, 'Respondeu incorretamente'),
(17, 'O paciente respondeu corretamente'),
(17, 'Respondeu incorretamente'),
(18, 'O paciente respondeu corretamente'),
(18, 'Respondeu incorretamente'),
(19, 'CARRO'),
(19, 'VASO'),
(19, 'TIJOLO'),
(21, 'CARRO'),
(21, 'VASO'),
(21, 'TIJOLO'),
(22, 'Relógio'),
(22, 'Caneta'),
(23, 'O paciente respondeu corretamente'),
(23, 'Respondeu incorretamente'),
(24, 'Pegou o papel com a mão direita.'),
(24, 'Dobrou o papel ao meio.'),
(24, 'Colocou o papel no chão.'),
(25, 'O paciente respondeu corretamente'),
(25, 'Respondeu incorretamente'),
(26, 'O paciente respondeu corretamente'),
(26, 'Respondeu incorretamente'),
(27, 'O paciente respondeu corretamente'),
(27, 'Respondeu incorretamente'),
(28, 'Excelente, boa ou muito boa'),
(28, 'Regular ou ruim'),
(29, 'Melhor'),
(29, 'Pior'),
(29, 'Igual'),
(30, 'Sim'),
(30, 'Não ou não faz compras por outros motivos que não a saúde'),
(31, 'Sim'),
(31, 'Não ou não controla o dinheiro por outros motivos que não a saúde'),
(32, 'Sim'),
(32, 'Não ou não faz trabalhos domésticos por outros motivos que não a saúde'),
(33, 'Sim'),
(33, 'Não'),
(34, 'Sim'),
(34, 'Não'),
(35, 'Sim'),
(35, 'Não'),
(36, 'Sim'),
(36, 'Não'),
(37, 'Sim'),
(37, 'Não'),
(38, 'Sim'),
(38, 'Não'),
(39, 'Sim'),
(39, 'Não'),
(40, 'Sim'),
(40, 'Não'),
(41, 'Perda de peso não intencional de 4,5 kg ou 5% do peso corporal no último ano ou 6 kg nos últimos 6 meses ou 3 kg no último mês'),
(41, 'Índice de Massa Corporal (IMC) menor que 22 kg/m²'),
(41, 'Circunferência da panturrilha < 31 cm'),
(41, 'Tempo gasto no teste de velocidade de marcha (4m) > 5 segundos'),
(42, 'Sim'),
(42, 'Não'),
(43, 'Não'),
(43, '1 vez'),
(43, '2 vezes'),
(43, '3 vezes ou mais'),
(43, '3 vezes ou mais'),
(44, 'Sim'),
(44, 'Não'),
(45, 'Sim'),
(45, 'Não'),
(46, 'Sim'),
(46, 'Não'),
(47, 'Cinco ou mais doenças crônicas'),
(47, 'Uso regular de cinco ou mais medicamentos diferentes'),
(47, 'Internação recente, nos últimos 6 meses'),
(54, 'Nem um pouco'),
(54, 'Um pouco'),
(54, 'Mais ou menos'),
(54, 'Muito'),
(54, 'Muitíssimo'),
(55, 'Nem um pouco'),
(55, 'Um pouco'),
(55, 'Mais ou menos'),
(55, 'Muito'),
(55, 'Muitíssimo'),
(56, 'Nem um pouco'),
(56, 'Um pouco'),
(56, 'Mais ou menos'),
(56, 'Muito'),
(56, 'Muitíssimo'),
(57, 'Nem um pouco'),
(57, 'Um pouco'),
(57, 'Mais ou menos'),
(57, 'Muito'),
(57, 'Muitíssimo'),
(58, 'Nem um pouco'),
(58, 'Um pouco'),
(58, 'Mais ou menos'),
(58, 'Muito'),
(58, 'Muitíssimo'),
(59, 'Nem um pouco'),
(59, 'Um pouco'),
(59, 'Mais ou menos'),
(59, 'Muito'),
(59, 'Muitíssimo'),
(60, 'Nem um pouco'),
(60, 'Um pouco'),
(60, 'Mais ou menos'),
(60, 'Muito'),
(60, 'Muitíssimo'),
(61, 'Nem um pouco'),
(61, 'Um pouco'),
(61, 'Mais ou menos'),
(61, 'Muito'),
(61, 'Muitíssimo'),
(62, 'Nem um pouco'),
(62, 'Um pouco'),
(62, 'Mais ou menos'),
(62, 'Muito'),
(62, 'Muitíssimo'),
(63, 'Nem um pouco'),
(63, 'Um pouco'),
(63, 'Mais ou menos'),
(63, 'Muito'),
(63, 'Muitíssimo'),
(64, 'Nem um pouco'),
(64, 'Um pouco'),
(64, 'Mais ou menos'),
(64, 'Muito'),
(64, 'Muitíssimo'),
(65, 'Nem um pouco'),
(65, 'Um pouco'),
(65, 'Mais ou menos'),
(65, 'Muito'),
(65, 'Muitíssimo'),
(66, 'Nem um pouco'),
(66, 'Um pouco'),
(66, 'Mais ou menos'),
(66, 'Muito'),
(66, 'Muitíssimo'),
(67, 'Nem um pouco'),
(67, 'Um pouco'),
(67, 'Mais ou menos'),
(67, 'Muito'),
(67, 'Muitíssimo'),
(68, 'Nem um pouco'),
(68, 'Um pouco'),
(68, 'Mais ou menos'),
(68, 'Muito'),
(68, 'Muitíssimo'),
(69, 'Nem um pouco'),
(69, 'Um pouco'),
(69, 'Mais ou menos'),
(69, 'Muito'),
(69, 'Muitíssimo'),
(70, 'Nem um pouco'),
(70, 'Um pouco'),
(70, 'Mais ou menos'),
(70, 'Muito'),
(70, 'Muitíssimo'),
(71, 'Nem um pouco'),
(71, 'Um pouco'),
(71, 'Mais ou menos'),
(71, 'Muito'),
(71, 'Muitíssimo'),
(72, 'Nem um pouco'),
(72, 'Um pouco'),
(72, 'Mais ou menos'),
(72, 'Muito'),
(72, 'Muitíssimo'),
(73, 'Nem um pouco'),
(73, 'Um pouco'),
(73, 'Mais ou menos'),
(73, 'Muito'),
(73, 'Muitíssimo'),
(74, 'Nem um pouco'),
(74, 'Um pouco'),
(74, 'Mais ou menos'),
(74, 'Muito'),
(74, 'Muitíssimo'),
(75, 'Nem um pouco'),
(75, 'Um pouco'),
(75, 'Mais ou menos'),
(75, 'Muito'),
(75, 'Muitíssimo'),
(76, 'Nem um pouco'),
(76, 'Um pouco'),
(76, 'Mais ou menos'),
(76, 'Muito'),
(76, 'Muitíssimo'),
(77, 'Nem um pouco'),
(77, 'Um pouco'),
(77, 'Mais ou menos'),
(77, 'Muito'),
(77, 'Muitíssimo'),
(78, 'Nem um pouco'),
(78, 'Um pouco'),
(78, 'Mais ou menos'),
(78, 'Muito'),
(78, 'Muitíssimo'),
(79, 'Nem um pouco'),
(79, 'Um pouco'),
(79, 'Mais ou menos'),
(79, 'Muito'),
(79, 'Muitíssimo'),
(80, 'Nem um pouco'),
(80, 'Um pouco'),
(80, 'Mais ou menos'),
(80, 'Muito'),
(80, 'Muitíssimo'),
(81, 'Nem um pouco'),
(81, 'Um pouco'),
(81, 'Mais ou menos'),
(81, 'Muito'),
(81, 'Muitíssimo'),
(82, 'Nem um pouco'),
(82, 'Um pouco'),
(82, 'Mais ou menos'),
(82, 'Muito'),
(82, 'Muitíssimo'),
(83, 'Nem um pouco'),
(83, 'Um pouco'),
(83, 'Mais ou menos'),
(83, 'Muito'),
(83, 'Muitíssimo'),
(84, 'Nem um pouco'),
(84, 'Um pouco'),
(84, 'Mais ou menos'),
(84, 'Muito'),
(84, 'Muitíssimo'),
(85, 'Nem um pouco'),
(85, 'Um pouco'),
(85, 'Mais ou menos'),
(85, 'Muito'),
(85, 'Muitíssimo'),
(86, 'Nem um pouco'),
(86, 'Um pouco'),
(86, 'Mais ou menos'),
(86, 'Muito'),
(86, 'Muitíssimo'),
(87, 'Nem um pouco'),
(87, 'Um pouco'),
(87, 'Mais ou menos'),
(87, 'Muito'),
(87, 'Muitíssimo'),
(88, 'Nem um pouco'),
(88, 'Um pouco'),
(88, 'Mais ou menos'),
(88, 'Muito'),
(88, 'Muitíssimo'),
(89, 'Nem um pouco'),
(89, 'Um pouco'),
(89, 'Mais ou menos'),
(89, 'Muito'),
(89, 'Muitíssimo'),
(90, 'Nem um pouco'),
(90, 'Um pouco'),
(90, 'Mais ou menos'),
(90, 'Muito'),
(90, 'Muitíssimo'),
(91, 'Nem um pouco'),
(91, 'Um pouco'),
(91, 'Mais ou menos'),
(91, 'Muito'),
(91, 'Muitíssimo'),
(92, 'Nem um pouco'),
(92, 'Um pouco'),
(92, 'Mais ou menos'),
(92, 'Muito'),
(92, 'Muitíssimo'),
(93, 'Nem um pouco'),
(93, 'Um pouco'),
(93, 'Mais ou menos'),
(93, 'Muito'),
(93, 'Muitíssimo');

SELECT pg_catalog.setval('public.formulario_id_seq', (SELECT MAX(id) FROM public.formulario), true);
SELECT pg_catalog.setval('public.etapa_id_seq', (SELECT MAX(id) FROM public.etapa), true);
SELECT pg_catalog.setval('public.pergunta_id_seq', (SELECT MAX(id) FROM public.pergunta), true);
